{
  "method": "baseline",
  "dataset": "ml1m",
  "llm_model_name": "7b",
  "gnn_model_name": "gt",
  "num_epochs": 3,
  "batch_size": 5,
  "total_steps": 5400,
  "final_epoch": 2,
  "elapsed_seconds": 67706.37494468689,
  "avg_loss": 1.532020433280203,
  "min_loss": 1.297747015953064,
  "max_loss": 8.153523445129395
}