{
  "method": "baseline",
  "dataset": "ml1m",
  "llm_model_name": "7b",
  "gnn_model_name": "gt",
  "num_epochs": 10,
  "batch_size": 2,
  "total_steps": 45000,
  "final_epoch": 9,
  "elapsed_seconds": 31487.28181576729,
  "avg_loss": 1.597523842530619,
  "min_loss": 7.181979162851349e-05,
  "max_loss": 9.178956985473633
}